,accuracy,size,time,cum_accuracy,cum_time,index
0,47.32824427480916,131,0.115320058,47.32824427480916,0.115320058,0
1,53.80116959064327,171,0.1269420750000001,50.9933774834437,0.12113106650000005,1
