,accuracy,size,time,cum_accuracy,cum_time,index
0,56.20437956204379,137,0.160370817,56.20437956204379,0.160370817,0
1,52.23880597014925,134,0.19508137199999998,54.24354243542435,0.1777260945,1
