,accuracy,size,time,cum_accuracy,cum_time,index
0,53.125,128,0.15627677500000003,53.125,0.15627677500000003,0
1,51.82481751824818,137,0.17340911100000023,52.45283018867924,0.16484294300000013,1
